{"cameraMode":{"drawMode":0,"name":"Shaded","section":"Shading Mode"},"sceneLighting":false,"audioPlay":false,"sceneViewState":{"showFog":true,"showMaterialUpdate":false,"showSkybox":false,"showFlares":true,"showImageEffects":true,"showParticleSystems":true},"in2DMode":false,"pivot":{"x":0.10906410217285156,"y":7.045260429382324,"z":2.1013665199279787},"rotation":{"x":0.0017617717385292054,"y":0.9963472485542297,"z":-0.0826963558793068,"w":0.021226152777671815},"size":52.76704406738281,"orthographic":false}