{"cameraMode":{"drawMode":0,"name":"Shaded","section":"Shading Mode"},"sceneLighting":false,"audioPlay":false,"sceneViewState":{"showFog":true,"showMaterialUpdate":false,"showSkybox":false,"showFlares":true,"showImageEffects":true,"showParticleSystems":true},"in2DMode":false,"pivot":{"x":0.6467971801757813,"y":5.460718631744385,"z":-1.585566759109497},"rotation":{"x":0.0017617717385292054,"y":0.9963472485542297,"z":-0.0826963558793068,"w":0.021226152777671815},"size":26.393821716308595,"orthographic":false}