{"cameraMode":{"drawMode":0,"name":"Shaded","section":"Shading Mode"},"sceneLighting":false,"audioPlay":false,"sceneViewState":{"showFog":true,"showMaterialUpdate":false,"showSkybox":false,"showFlares":true,"showImageEffects":true,"showParticleSystems":true},"in2DMode":false,"pivot":{"x":0.0037346407771110536,"y":0.2655453085899353,"z":0.011832430958747864},"rotation":{"x":0.0017617717385292054,"y":0.9963472485542297,"z":-0.0826963558793068,"w":0.021226152777671815},"size":1.2206931114196778,"orthographic":false}