{"cameraMode":{"drawMode":0,"name":"Shaded","section":"Shading Mode"},"sceneLighting":false,"audioPlay":false,"sceneViewState":{"showFog":true,"showMaterialUpdate":false,"showSkybox":false,"showFlares":true,"showImageEffects":true,"showParticleSystems":true},"in2DMode":false,"pivot":{"x":0.019615784287452699,"y":0.11474147439002991,"z":-0.008720248937606812},"rotation":{"x":0.0017617717385292054,"y":0.9963472485542297,"z":-0.0826963558793068,"w":0.021226152777671815},"size":0.7834010720252991,"orthographic":false}