{"cameraMode":{"drawMode":0,"name":"Shaded","section":"Shading Mode"},"sceneLighting":false,"audioPlay":false,"sceneViewState":{"showFog":true,"showMaterialUpdate":false,"showSkybox":false,"showFlares":true,"showImageEffects":true,"showParticleSystems":true},"in2DMode":false,"pivot":{"x":-0.16960054636001588,"y":0.3943760395050049,"z":0.2563135623931885},"rotation":{"x":0.0017617717385292054,"y":0.9963472485542297,"z":-0.0826963558793068,"w":0.021226152777671815},"size":4.692995548248291,"orthographic":false}