{"cameraMode":{"drawMode":0,"name":"Shaded","section":"Shading Mode"},"sceneLighting":true,"audioPlay":false,"sceneViewState":{"showFog":true,"showMaterialUpdate":false,"showSkybox":true,"showFlares":true,"showImageEffects":true,"showParticleSystems":true},"in2DMode":false,"pivot":{"x":-0.12492653727531433,"y":0.8862379789352417,"z":5.436980247497559},"rotation":{"x":-0.000003129846163574257,"y":0.9999275207519531,"z":-0.012299596332013607,"w":-0.0002849643933586776},"size":2.102337598800659,"orthographic":false}